budget_k_pct,budget_k_nodes,strategy,prevention_rate_pct,reduction_vs_baseline_pct,precision_k_pct,transmission_coverage
1,3,betweenness,0.7,1.0,66.7,0.3
1,3,degree,4.6,2.0,100.0,2.4
1,3,gnn,1.3,1.4,100.0,0.7
1,3,random,3.3,1.2,71.7,1.7
5,17,betweenness,11.8,8.9,64.7,6.3
5,17,degree,10.5,6.6,64.7,8.4
5,17,gnn,17.6,12.6,100.0,11.5
5,17,random,17.4,7.6,70.8,9.7
10,34,betweenness,30.7,20.4,70.6,16.4
10,34,degree,22.2,14.6,64.7,17.1
10,34,gnn,28.1,22.7,94.1,19.9
10,34,random,33.0,16.8,70.7,19.2
